label,stem,anchors,features,matched,recall,mean_isotopes,wrong_charge_only_rate,isotope_shift_only_rate,shifted_mass_match_rate
baseline,B03_10_150304_human_ecoli_A_3ul_3um_column_95_HCD_OT_2hrs_30B_9B,25120,134493,21181,0.8431926751592357,2.712996215416416,0.007882165605095541,0.09044585987261146,7.961783439490445e-05
baseline,B03_11_150304_human_ecoli_A_3ul_3um_column_95_HCD_OT_2hrs_30B_9B,25412,132283,21170,0.8330709900834251,2.71391637625394,0.007752243034786715,0.0898394459310562,0.0001967574374311349
baseline,B03_05_150304_human_ecoli_E_3ul_3um_column_95_HCD_OT_2hrs_30B_9B,25477,135559,21405,0.8401695647054206,2.717606355904071,0.007457706951367901,0.09078776936059976,7.850217843545158e-05
baseline,B03_06_150304_human_ecoli_E_3ul_3um_column_95_HCD_OT_2hrs_30B_9B,25628,135689,21571,0.8416965818635868,2.7208321971567333,0.009130638364289059,0.08943343218354924,7.803964413922273e-05
s0.4_c2,B03_10_150304_human_ecoli_A_3ul_3um_column_95_HCD_OT_2hrs_30B_9B,25120,134976,21256,0.8461783439490446,2.626422475106686,0.010031847133757961,0.08220541401273886,3.980891719745223e-05
s0.4_c2,B03_11_150304_human_ecoli_A_3ul_3um_column_95_HCD_OT_2hrs_30B_9B,25412,132942,21235,0.8356288367700299,2.6229859638037643,0.009365654021722021,0.08232331182118684,0.00015740594994490792
s0.4_c2,B03_05_150304_human_ecoli_E_3ul_3um_column_95_HCD_OT_2hrs_30B_9B,25477,136216,21536,0.8453114573929427,2.628846831502907,0.00969501903677827,0.0805039839855556,0.00011775326765317738
s0.4_c2,B03_06_150304_human_ecoli_E_3ul_3um_column_95_HCD_OT_2hrs_30B_9B,25628,136264,21676,0.8457936631808959,2.632940468502319,0.010691431247073514,0.07991259559856408,3.9019822069611365e-05
s0.4_c4,B03_10_150304_human_ecoli_A_3ul_3um_column_95_HCD_OT_2hrs_30B_9B,25120,135075,21249,0.8458996815286625,2.5961058671108646,0.01054936305732484,0.08113057324840764,3.980891719745223e-05
s0.4_c4,B03_11_150304_human_ecoli_A_3ul_3um_column_95_HCD_OT_2hrs_30B_9B,25412,133087,21265,0.8368093813946167,2.5924695875630226,0.009601762946639383,0.0805131433968204,0.0001967574374311349
s0.4_c4,B03_05_150304_human_ecoli_E_3ul_3um_column_95_HCD_OT_2hrs_30B_9B,25477,136359,21565,0.8464497389802567,2.5982956753862965,0.010126781018173254,0.07850217843545158,0.00011775326765317738
s0.4_c4,B03_06_150304_human_ecoli_E_3ul_3um_column_95_HCD_OT_2hrs_30B_9B,25628,136288,21706,0.8469642578429842,2.6039856773890584,0.010769470891212735,0.07815670360543156,3.9019822069611365e-05
s0.4_c8,B03_10_150304_human_ecoli_A_3ul_3um_column_95_HCD_OT_2hrs_30B_9B,25120,136175,21131,0.8412022292993631,2.4294106847806134,0.012221337579617835,0.07993630573248407,3.980891719745223e-05
s0.4_c8,B03_11_150304_human_ecoli_A_3ul_3um_column_95_HCD_OT_2hrs_30B_9B,25412,134019,21124,0.8312608216590587,2.428834717465434,0.011136470958602235,0.07984416810955454,0.00023610892491736187
s0.4_c8,B03_05_150304_human_ecoli_E_3ul_3um_column_95_HCD_OT_2hrs_30B_9B,25477,137289,21420,0.8407583310436865,2.432343450677039,0.011775326765317737,0.07783490991875025,0.00023550653530635476
s0.4_c8,B03_06_150304_human_ecoli_E_3ul_3um_column_95_HCD_OT_2hrs_30B_9B,25628,137273,21598,0.8427501170594662,2.4373183364536364,0.011979085375370688,0.07628375214609022,0.00019509911034805682
s0.5_c2,B03_10_150304_human_ecoli_A_3ul_3um_column_95_HCD_OT_2hrs_30B_9B,25120,134713,21283,0.8472531847133759,2.6458767899163407,0.009394904458598726,0.08248407643312101,3.980891719745223e-05
s0.5_c2,B03_11_150304_human_ecoli_A_3ul_3um_column_95_HCD_OT_2hrs_30B_9B,25412,132615,21276,0.8372422477569652,2.6442257663160276,0.009090193609318432,0.0813788761215174,0.00015740594994490792
s0.5_c2,B03_05_150304_human_ecoli_E_3ul_3um_column_95_HCD_OT_2hrs_30B_9B,25477,135898,21577,0.8469207520508694,2.6493620215161373,0.009302508144601013,0.0800329709149429,0.00011775326765317738
s0.5_c2,B03_06_150304_human_ecoli_E_3ul_3um_column_95_HCD_OT_2hrs_30B_9B,25628,135933,21735,0.8480958326830029,2.6539030257553353,0.00998907444982051,0.07878102075854534,3.9019822069611365e-05
s0.5_c4,B03_10_150304_human_ecoli_A_3ul_3um_column_95_HCD_OT_2hrs_30B_9B,25120,134842,21268,0.846656050955414,2.605219442013616,0.009912420382165605,0.0811703821656051,3.980891719745223e-05
s0.5_c4,B03_11_150304_human_ecoli_A_3ul_3um_column_95_HCD_OT_2hrs_30B_9B,25412,132796,21272,0.8370848418070203,2.603640169884635,0.00952305997166693,0.08031638595938927,0.00015740594994490792
s0.5_c4,B03_05_150304_human_ecoli_E_3ul_3um_column_95_HCD_OT_2hrs_30B_9B,25477,136026,21577,0.8469207520508694,2.6087733227471217,0.00969501903677827,0.07861993170310476,0.00011775326765317738
s0.5_c4,B03_06_150304_human_ecoli_E_3ul_3um_column_95_HCD_OT_2hrs_30B_9B,25628,135989,21718,0.8474324957078195,2.6131745950040077,0.010145153738098954,0.07803964413922272,3.9019822069611365e-05
s0.5_c8,B03_10_150304_human_ecoli_A_3ul_3um_column_95_HCD_OT_2hrs_30B_9B,25120,135958,21102,0.840047770700637,2.425101869695053,0.01178343949044586,0.08053343949044586,7.961783439490445e-05
s0.5_c8,B03_11_150304_human_ecoli_A_3ul_3um_column_95_HCD_OT_2hrs_30B_9B,25412,133719,21113,0.8308279552967102,2.4258482339832037,0.010664253108767511,0.08043444042184794,0.00015740594994490792
s0.5_c8,B03_05_150304_human_ecoli_E_3ul_3um_column_95_HCD_OT_2hrs_30B_9B,25477,137002,21403,0.8400910625269852,2.429431687128655,0.011304313694705028,0.07861993170310476,0.00023550653530635476
s0.5_c8,B03_06_150304_human_ecoli_E_3ul_3um_column_95_HCD_OT_2hrs_30B_9B,25628,136988,21573,0.841774621507726,2.4345052121353694,0.011315748400187295,0.07714218823162167,0.00019509911034805682
s0.75_c2,B03_10_150304_human_ecoli_A_3ul_3um_column_95_HCD_OT_2hrs_30B_9B,25120,134350,21287,0.8474124203821656,2.6726014142165986,0.00855891719745223,0.08403662420382166,3.980891719745223e-05
s0.75_c2,B03_11_150304_human_ecoli_A_3ul_3um_column_95_HCD_OT_2hrs_30B_9B,25412,132230,21304,0.8383440894065796,2.6720713907585267,0.008578624271997482,0.08236266330867306,0.00015740594994490792
s0.75_c2,B03_05_150304_human_ecoli_E_3ul_3um_column_95_HCD_OT_2hrs_30B_9B,25477,135538,21615,0.848412293441143,2.677256562735174,0.008556737449464223,0.08022922636103152,0.00011775326765317738
s0.75_c2,B03_06_150304_human_ecoli_E_3ul_3um_column_95_HCD_OT_2hrs_30B_9B,25628,135505,21766,0.8493054471671609,2.6817903398398584,0.009208678008428282,0.07889808022475417,3.9019822069611365e-05
s0.75_c4,B03_10_150304_human_ecoli_A_3ul_3um_column_95_HCD_OT_2hrs_30B_9B,25120,134535,21233,0.8452627388535032,2.583008139145947,0.009156050955414012,0.08312101910828025,7.961783439490445e-05
s0.75_c4,B03_11_150304_human_ecoli_A_3ul_3um_column_95_HCD_OT_2hrs_30B_9B,25412,132386,21237,0.8357075397450023,2.58503920354116,0.009247599559263341,0.08208720289626947,0.00015740594994490792
s0.75_c4,B03_05_150304_human_ecoli_E_3ul_3um_column_95_HCD_OT_2hrs_30B_9B,25477,135558,21541,0.8455077128390313,2.5888992165715043,0.00914550378773011,0.07956195784433018,0.00011775326765317738
s0.75_c4,B03_06_150304_human_ecoli_E_3ul_3um_column_95_HCD_OT_2hrs_30B_9B,25628,135586,21677,0.8458326830029655,2.592273538565929,0.009637896051194007,0.07948337755579835,0.00011705946620883409
s0.75_c8,B03_10_150304_human_ecoli_A_3ul_3um_column_95_HCD_OT_2hrs_30B_9B,25120,135686,21042,0.8376592356687899,2.412054301843963,0.010788216560509553,0.08288216560509554,7.961783439490445e-05
s0.75_c8,B03_11_150304_human_ecoli_A_3ul_3um_column_95_HCD_OT_2hrs_30B_9B,25412,133403,21039,0.8279159452227294,2.412524455971755,0.00952305997166693,0.08409412875806706,0.00011805446245868093
s0.75_c8,B03_05_150304_human_ecoli_E_3ul_3um_column_95_HCD_OT_2hrs_30B_9B,25477,136725,21324,0.8369902264787847,2.4154982629365516,0.010401538642697335,0.08160301448365193,0.00023550653530635476
s0.75_c8,B03_06_150304_human_ecoli_E_3ul_3um_column_95_HCD_OT_2hrs_30B_9B,25628,136716,21480,0.838145778055252,2.4207334913250826,0.010808490713282347,0.08108319026065242,0.00015607928827844546
